API,GET,PUT,POST,DELETE,OPTIONS,HEAD,PATCH,TRACE,QUERY,Others
adoptme,13,0,1,0,0,0,0,0,0,0
arimaa,17,7,7,7,0,0,0,0,0,0
bibliothek,8,0,0,0,0,0,0,0,0,0
blogapi,23,13,8,8,0,0,0,0,0,0
catwatch,15,1,3,1,1,1,1,0,0,0
commafeed,19,0,25,0,0,0,0,0,0,0
cwa-verification,0,0,5,0,0,0,0,0,0,0
digitalbanking,28,7,6,4,3,3,4,0,0,0
erc20-rest-service,8,0,5,0,0,0,0,0,0,0
familie-ba-sak,66,23,82,10,0,0,2,0,0,0
features-service,6,1,6,5,0,0,0,0,0,0
flight-search-api,26,2,8,4,0,0,0,0,0,0
gdpr-kv,3,2,0,2,0,0,0,0,0,0
genome-nexus,13,0,10,0,0,0,0,0,0,0
gestaohospital,10,3,5,2,0,0,0,0,0,0
http-patch-spring,2,1,1,1,0,0,1,0,0,0
jasper,23,5,16,10,0,0,7,0,0,0
joinus,21,1,8,3,0,0,4,0,0,0
kafka-rest,33,3,8,5,0,0,1,0,0,0
komga,103,11,30,17,0,0,13,0,0,0
languagetool,1,0,1,0,0,0,0,0,0,0
lovemining,12,0,4,1,0,0,1,0,0,0
management-cassandra,20,1,38,4,0,0,0,0,0,0
market,7,3,2,1,0,0,0,0,0,0
microcks,47,9,20,6,2,2,2,0,0,0
movies-xml,3,1,1,1,0,0,1,0,0,0
notebook-manager,2,0,1,1,0,0,1,0,0,0
ocvn,96,0,96,0,0,0,0,0,0,0
ohsome-api,67,0,67,0,0,0,0,0,0,0
pay-publicapi,9,0,7,0,0,0,0,0,0,0
person-controller,5,2,2,3,0,0,0,0,0,0
petclinic-rest,16,8,9,7,1,1,1,0,0,0
proxyprint,48,14,30,10,5,4,4,0,0,0
quartz-manager,8,1,2,0,0,0,0,0,0,0
redis-sample,4,0,0,0,0,0,0,0,0,0
reservations-api,2,1,3,1,0,0,0,0,0,0
rest-ncs,6,0,0,0,0,0,0,0,0,0
rest-news,3,2,1,1,0,0,0,0,0,0
rest-scs,11,0,0,0,0,0,0,0,0,0
restcountries,22,0,0,0,0,0,0,0,0,0
scout-api,21,7,10,9,0,0,2,0,0,0
session-service,4,1,2,1,0,0,0,0,0,0
spring-actuator-demo,2,0,0,0,0,0,0,0,0,0
spring-batch-rest,4,0,1,0,0,0,0,0,0,0
spring-ecommerce,13,2,7,2,1,1,1,0,0,0
spring-rest-example,2,1,3,3,0,0,0,0,0,0
swagger-petstore,8,2,6,3,0,0,0,0,0,0
testing-system,7,0,4,0,0,0,0,0,0,0
tiltaksgjennomforing,24,4,51,0,0,0,0,0,0,0
traccar,59,13,29,16,0,0,0,0,0,0
tracking-system,27,12,14,14,0,0,0,0,0,0
user-management,7,2,7,5,0,0,0,0,0,0
webgoat,50,10,112,8,8,8,8,0,0,0
youtube-mock,1,0,0,0,0,0,0,0,0,0
